{
  "CustomerRate": 0.7735,
  "CustomerRateInverse": 1.2928248222365869424692954105,
  "CustomerAmount": 19337.50,
  "InterbankAmount": 19500.608731368103659863020042,
  "DefaultFee": 15.0000,
  "Fee": 0,
  "FeeFreeThreshold": 1.0000,
  "InterbankRate": 0.7800243492547241463945208017,
  "InverseInterbankRate": 1.2820112615144027712173135979,
  "DeliveryCountry": "USA",
  "DeliveryTime": 0,
  "ComparisonRate": 0.7451,
  "ComparisonAmount": 710.0000,
  "Message": "Sorry, min. transfer amount is AUD 250"
}